customer_id,order_date,revenue
1,2023-05-25,140.31
1,2023-06-25,110.64
1,2023-06-26,304.59
1,2023-08-12,285.57
1,2023-10-21,211.35
1,2023-10-31,147.67
1,2023-12-25,230.75
2,2023-03-12,70.82
2,2023-05-03,265.35
2,2023-05-30,464.79
2,2023-06-23,388.13
2,2023-07-02,414.43
2,2023-07-17,329.6
2,2023-07-29,374.59
2,2023-09-28,394.12
2,2023-10-10,494.93
2,2023-11-08,249.91
3,2023-09-13,68.97
3,2023-10-23,324.3
3,2023-10-28,319.68
3,2023-11-27,275.83
4,2023-03-09,176.88
4,2023-03-26,149.77
4,2023-03-26,401.33
4,2023-05-05,491.55
4,2023-06-30,451.47
4,2023-12-10,346.82
5,2023-12-14,54.35
5,2023-12-17,59.36
5,2023-12-24,80.94
6,2023-09-22,371.0
6,2023-11-15,107.05
6,2023-11-25,419.51
6,2023-11-26,395.72
6,2023-12-02,334.54
7,2023-08-09,276.85
7,2023-09-26,219.6
8,2023-07-19,161.15
8,2023-08-03,482.14
8,2023-11-02,205.15
8,2023-11-18,404.79
9,2023-04-27,56.58
9,2023-05-06,350.55
9,2023-06-04,160.45
9,2023-06-09,175.72
9,2023-06-23,341.39
9,2023-07-02,294.87
9,2023-09-06,189.43
9,2023-09-14,241.84
9,2023-10-08,86.76
9,2023-10-27,396.54
10,2023-06-02,101.46
10,2023-07-04,82.8
10,2023-07-31,324.34
10,2023-08-20,367.38
10,2023-09-10,210.05
10,2023-09-17,463.6
10,2023-10-12,428.62
10,2023-12-19,438.31
11,2023-04-07,450.03
11,2023-05-11,327.52
11,2023-11-17,350.71
12,2023-06-30,223.95
12,2023-08-20,407.49
12,2023-10-27,274.73
13,2023-12-27,170.1
13,2023-12-28,241.38
13,2023-12-28,376.31
13,2023-12-28,115.62
13,2023-12-28,210.32
13,2023-12-30,429.42
14,2023-06-03,354.69
14,2023-06-27,165.25
14,2023-07-09,29.09
14,2023-08-14,66.36
14,2023-08-19,109.32
14,2023-08-27,163.64
14,2023-10-10,158.94
14,2023-12-26,466.07
15,2023-08-31,342.34
15,2023-09-16,470.06
15,2023-10-13,148.97
15,2023-11-03,92.49
15,2023-11-11,24.21
15,2023-11-20,213.24
15,2023-12-01,224.85
15,2023-12-14,275.07
15,2023-12-17,323.65
16,2023-09-25,447.08
16,2023-12-07,258.42
17,2023-08-27,271.42
17,2023-09-13,179.82
17,2023-10-05,180.57
17,2023-10-25,73.84
17,2023-10-30,64.64
17,2023-11-06,32.82
17,2023-11-16,130.61
17,2023-12-06,67.22
18,2023-07-07,76.4
18,2023-07-26,499.72
18,2023-08-16,476.23
18,2023-08-25,154.32
18,2023-09-27,194.32
18,2023-12-27,390.68
19,2023-04-16,414.26
19,2023-04-20,408.45
19,2023-07-17,75.97
19,2023-09-10,161.0
19,2023-09-25,492.21
19,2023-09-28,171.54
19,2023-10-19,326.86
19,2023-12-10,294.27
19,2023-12-24,151.19
19,2023-12-24,378.93
20,2023-09-08,98.84
20,2023-09-16,329.51
20,2023-11-24,476.74
21,2023-06-07,119.82
21,2023-06-15,156.5
21,2023-07-07,282.48
21,2023-07-19,422.48
21,2023-08-06,241.79
21,2023-08-09,394.59
21,2023-08-22,152.28
21,2023-08-26,263.54
21,2023-09-23,181.47
21,2023-10-25,92.94
22,2023-07-13,438.05
22,2023-08-13,252.5
22,2023-10-03,114.29
22,2023-10-21,197.88
22,2023-11-04,268.95
22,2023-11-10,68.8
22,2023-12-27,444.2
23,2023-07-17,58.59
23,2023-08-07,228.12
23,2023-10-28,75.41
23,2023-11-05,330.21
23,2023-11-12,243.07
24,2023-09-07,223.37
24,2023-09-10,153.34
24,2023-10-08,206.3
24,2023-10-22,188.31
24,2023-11-04,170.44
24,2023-11-10,278.2
24,2023-11-24,247.24
24,2023-12-22,406.6
25,2023-06-27,391.81
25,2023-09-12,363.86
25,2023-10-29,256.1
25,2023-11-10,327.19
25,2023-12-16,199.58
25,2023-12-30,115.81
26,2023-12-21,469.12
26,2023-12-27,70.69
27,2023-11-10,294.71
27,2023-12-04,480.04
28,2023-10-19,292.99
28,2023-10-29,156.63
28,2023-10-29,290.51
28,2023-11-14,146.02
28,2023-11-16,234.34
28,2023-12-15,403.67
28,2023-12-16,158.85
28,2023-12-27,447.47
29,2023-06-24,132.71
29,2023-06-25,410.09
29,2023-06-30,375.42
29,2023-07-18,332.38
29,2023-08-02,246.6
29,2023-11-11,398.44
30,2023-07-20,479.45
30,2023-07-28,254.96
30,2023-08-15,299.41
30,2023-08-22,454.46
30,2023-10-05,441.16
30,2023-10-29,294.54
30,2023-11-28,175.74
30,2023-12-10,190.97
30,2023-12-28,379.26
31,2023-06-11,302.56
31,2023-07-14,471.17
31,2023-07-30,424.04
31,2023-10-07,137.24
31,2023-10-17,483.03
31,2023-10-21,106.06
31,2023-11-02,154.62
31,2023-11-09,153.22
31,2023-12-24,321.91
32,2023-02-12,410.29
32,2023-03-16,446.5
32,2023-08-20,278.19
32,2023-10-02,76.6
32,2023-10-10,398.07
32,2023-11-23,102.17
32,2023-11-25,421.14
33,2023-10-10,192.17
33,2023-10-24,22.17
33,2023-11-21,164.39
33,2023-12-08,460.55
33,2023-12-08,417.7
33,2023-12-17,161.86
33,2023-12-19,294.62
33,2023-12-26,25.79
33,2023-12-30,240.98
34,2023-01-04,109.57
34,2023-01-10,223.96
34,2023-01-16,481.77
34,2023-02-03,274.54
34,2023-04-22,229.97
34,2023-05-12,494.58
34,2023-09-06,67.1
34,2023-11-24,97.64
34,2023-12-11,49.48
35,2023-10-03,352.54
35,2023-10-21,89.92
35,2023-10-26,465.6
35,2023-11-10,302.9
35,2023-11-16,67.45
35,2023-12-28,353.05
36,2023-01-28,283.87
36,2023-07-22,105.57
36,2023-07-25,234.88
36,2023-10-18,330.41
36,2023-11-01,58.87
36,2023-11-03,163.46
36,2023-11-05,254.96
36,2023-11-25,120.84
36,2023-12-15,21.98
37,2023-10-07,305.18
37,2023-10-10,85.36
37,2023-10-30,120.99
37,2023-11-08,209.21
37,2023-11-14,172.14
37,2023-12-01,445.68
37,2023-12-10,196.28
37,2023-12-10,172.54
37,2023-12-11,254.72
37,2023-12-21,140.28
38,2023-04-08,368.29
38,2023-04-08,242.88
38,2023-04-17,300.65
38,2023-08-04,38.24
38,2023-09-12,232.82
38,2023-10-03,151.94
38,2023-10-14,327.73
38,2023-10-15,119.66
38,2023-12-29,56.13
39,2023-01-27,417.59
39,2023-02-06,201.79
39,2023-03-20,280.37
39,2023-03-25,288.11
39,2023-04-18,415.61
39,2023-08-13,180.42
39,2023-08-26,254.65
39,2023-08-29,38.33
39,2023-10-08,161.17
39,2023-11-23,421.51
40,2023-06-07,113.16
40,2023-06-16,148.35
40,2023-06-20,366.32
40,2023-10-01,87.73
40,2023-10-19,498.6
40,2023-11-30,228.21
40,2023-12-02,77.99
41,2023-02-18,275.46
41,2023-07-23,70.19
41,2023-08-16,161.68
41,2023-11-15,408.17
41,2023-12-22,268.8
42,2023-03-27,257.38
42,2023-06-17,128.58
42,2023-08-03,258.78
42,2023-11-22,340.07
42,2023-11-27,237.5
42,2023-12-15,240.12
43,2023-07-09,282.67
43,2023-07-30,429.91
43,2023-08-05,275.36
43,2023-09-02,55.51
43,2023-09-16,458.81
43,2023-10-05,59.13
43,2023-11-17,394.84
44,2023-12-28,21.52
44,2023-12-28,71.59
44,2023-12-29,309.33
44,2023-12-29,125.42
44,2023-12-30,215.68
44,2023-12-30,472.44
44,2023-12-30,107.18
44,2023-12-30,229.37
44,2023-12-30,48.84
45,2023-11-22,100.97
45,2023-11-22,107.5
45,2023-12-01,465.23
45,2023-12-12,66.51
46,2023-09-27,466.98
46,2023-11-01,460.43
46,2023-11-04,50.59
46,2023-11-11,92.83
46,2023-11-28,306.06
46,2023-12-06,300.16
46,2023-12-15,86.54
47,2023-09-25,313.53
47,2023-11-03,128.22
48,2023-07-12,440.91
48,2023-09-22,162.36
48,2023-09-24,45.05
48,2023-10-18,333.33
48,2023-12-07,97.38
48,2023-12-10,494.65
49,2023-09-01,225.36
49,2023-09-15,221.92
49,2023-10-09,400.2
49,2023-11-06,363.16
49,2023-11-17,395.87
49,2023-12-13,179.93
49,2023-12-26,147.25
50,2023-11-05,470.48
50,2023-11-14,412.02
50,2023-11-15,320.1
50,2023-11-20,143.83
50,2023-11-30,83.67
50,2023-12-01,339.25
50,2023-12-24,87.26
50,2023-12-26,242.37
50,2023-12-28,338.6
50,2023-12-30,272.95
51,2023-03-28,462.06
51,2023-04-30,435.48
51,2023-05-05,429.64
51,2023-06-25,300.53
51,2023-07-31,211.24
51,2023-08-09,402.98
51,2023-09-30,98.26
51,2023-11-13,88.99
52,2023-12-08,331.33
52,2023-12-14,50.33
52,2023-12-17,395.84
52,2023-12-17,319.86
52,2023-12-20,49.18
53,2023-09-24,332.05
53,2023-09-30,247.75
53,2023-10-10,308.66
53,2023-10-13,204.32
53,2023-10-16,37.44
53,2023-10-23,249.98
53,2023-11-06,254.35
53,2023-11-12,135.63
53,2023-11-25,497.18
53,2023-11-28,425.18
54,2023-12-12,483.73
54,2023-12-20,158.3
54,2023-12-28,128.55
55,2023-06-27,300.54
55,2023-07-19,411.41
56,2023-12-12,368.75
56,2023-12-22,187.5
56,2023-12-25,257.18
56,2023-12-28,268.76
57,2023-10-27,40.61
57,2023-12-07,172.05
57,2023-12-26,245.74
57,2023-12-30,53.29
58,2023-03-08,158.31
58,2023-05-22,233.72
58,2023-05-25,494.58
58,2023-08-26,125.76
58,2023-09-12,126.95
58,2023-09-15,106.07
58,2023-09-24,175.42
58,2023-10-20,108.9
59,2023-07-14,187.16
59,2023-12-07,221.44
60,2023-03-16,461.18
60,2023-04-02,161.11
60,2023-06-12,493.68
60,2023-06-15,117.49
60,2023-07-21,198.34
60,2023-08-16,316.88
60,2023-10-17,233.37
60,2023-11-16,156.67
60,2023-12-27,484.79
61,2023-09-12,358.12
61,2023-10-07,194.67
61,2023-10-27,93.49
61,2023-12-15,174.84
61,2023-12-16,316.1
62,2023-12-17,482.96
62,2023-12-22,283.47
62,2023-12-27,31.29
62,2023-12-27,64.48
62,2023-12-28,389.3
63,2023-12-09,55.45
63,2023-12-13,472.69
63,2023-12-17,474.67
63,2023-12-21,106.03
63,2023-12-22,326.27
63,2023-12-26,142.16
63,2023-12-30,220.85
64,2023-11-06,471.57
64,2023-11-07,53.9
64,2023-11-09,365.09
64,2023-11-15,53.14
64,2023-11-20,98.4
64,2023-11-26,61.82
64,2023-11-26,372.46
64,2023-12-08,412.78
64,2023-12-12,446.33
64,2023-12-12,164.86
65,2023-12-01,425.66
65,2023-12-02,211.24
65,2023-12-05,360.75
65,2023-12-08,176.26
65,2023-12-10,102.79
65,2023-12-10,260.38
65,2023-12-10,99.21
65,2023-12-12,148.54
65,2023-12-13,176.97
65,2023-12-29,315.08
66,2023-10-28,109.96
66,2023-11-05,149.66
66,2023-11-10,94.42
66,2023-11-16,98.0
66,2023-12-04,161.93
66,2023-12-12,157.92
66,2023-12-17,108.37
66,2023-12-25,283.32
66,2023-12-29,265.54
67,2023-06-05,91.34
67,2023-08-20,238.98
67,2023-10-13,247.31
67,2023-10-27,249.24
67,2023-11-02,115.53
67,2023-11-03,33.08
68,2023-09-02,463.13
68,2023-12-20,176.69
69,2023-05-25,304.36
69,2023-05-28,205.47
69,2023-08-22,42.34
69,2023-09-23,219.85
70,2023-12-09,396.24
70,2023-12-10,401.37
70,2023-12-10,215.01
70,2023-12-13,342.35
70,2023-12-14,389.31
70,2023-12-17,54.8
70,2023-12-18,115.01
70,2023-12-25,279.88
70,2023-12-28,437.68
71,2023-07-09,166.94
71,2023-09-09,293.93
71,2023-10-25,182.55
71,2023-11-03,475.07
72,2023-10-03,410.19
72,2023-10-12,291.55
72,2023-10-15,387.89
72,2023-10-23,133.39
72,2023-10-28,92.29
72,2023-10-30,131.49
72,2023-11-05,151.19
72,2023-11-11,40.96
72,2023-11-30,146.54
72,2023-12-14,78.12
73,2023-03-01,437.34
73,2023-05-25,353.92
73,2023-06-20,87.05
73,2023-07-12,428.18
73,2023-11-05,458.36
74,2023-07-08,237.76
74,2023-10-09,86.86
74,2023-12-10,319.02
75,2023-08-17,467.69
75,2023-10-16,477.47
75,2023-11-19,490.35
75,2023-11-22,100.17
75,2023-11-29,187.53
76,2023-09-09,182.26
77,2023-11-08,133.63
77,2023-11-09,349.99
78,2023-07-13,299.76
78,2023-07-20,394.26
78,2023-08-21,117.58
78,2023-08-27,418.76
78,2023-09-17,335.92
78,2023-10-18,412.53
78,2023-12-13,494.5
78,2023-12-21,262.9
79,2023-09-02,355.06
79,2023-09-12,182.07
80,2023-10-12,176.17
80,2023-10-14,211.38
80,2023-10-31,465.76
80,2023-11-29,358.06
80,2023-12-05,445.22
80,2023-12-13,432.39
80,2023-12-22,190.2
81,2023-01-23,103.71
81,2023-02-10,422.98
81,2023-04-16,456.31
81,2023-06-28,265.8
81,2023-07-25,484.32
81,2023-08-11,370.1
81,2023-11-13,176.36
82,2023-11-14,453.84
82,2023-11-14,61.14
82,2023-11-15,135.81
82,2023-11-16,438.86
82,2023-11-29,111.59
82,2023-12-22,422.84
82,2023-12-24,439.27
83,2023-08-26,279.89
83,2023-09-04,428.15
83,2023-10-15,360.98
83,2023-10-24,310.29
83,2023-10-29,288.2
83,2023-11-22,170.26
83,2023-11-24,402.64
83,2023-12-05,483.27
83,2023-12-14,404.01
83,2023-12-17,494.44
84,2023-07-03,490.06
84,2023-07-10,483.67
84,2023-08-30,163.73
84,2023-10-10,400.32
84,2023-11-08,276.06
85,2023-02-23,343.19
85,2023-04-23,32.42
85,2023-05-01,339.49
85,2023-05-15,59.32
85,2023-05-30,367.39
85,2023-07-17,305.83
85,2023-10-29,158.12
85,2023-11-21,137.79
85,2023-11-26,497.47
85,2023-12-12,135.6
86,2023-05-01,93.32
86,2023-07-31,298.56
86,2023-08-25,215.18
86,2023-09-11,63.58
86,2023-10-20,101.57
86,2023-10-24,468.85
87,2023-08-16,464.75
87,2023-08-23,134.2
87,2023-09-02,234.16
87,2023-12-21,82.95
88,2023-03-31,41.96
88,2023-05-28,282.37
88,2023-06-06,122.88
88,2023-11-26,323.42
89,2023-02-17,43.22
89,2023-03-14,288.9
89,2023-03-15,367.18
89,2023-05-11,105.78
89,2023-05-25,470.01
89,2023-07-03,452.57
89,2023-07-16,325.05
89,2023-08-19,210.83
89,2023-09-03,488.5
89,2023-09-05,443.32
90,2023-02-01,288.57
90,2023-02-06,92.11
90,2023-07-15,327.07
90,2023-07-20,88.79
90,2023-09-07,381.93
90,2023-11-21,319.66
90,2023-11-22,372.94
90,2023-12-02,121.62
90,2023-12-25,81.47
91,2023-11-16,80.79
91,2023-12-11,74.37
91,2023-12-16,117.56
91,2023-12-19,73.08
91,2023-12-20,485.04
91,2023-12-28,47.8
92,2023-08-19,95.4
92,2023-08-19,152.35
92,2023-10-29,220.42
92,2023-12-08,488.36
93,2023-04-21,62.85
93,2023-06-14,474.81
93,2023-06-27,400.74
94,2023-11-19,292.66
94,2023-11-22,420.67
94,2023-11-23,78.29
94,2023-12-18,347.05
94,2023-12-18,162.81
94,2023-12-18,201.82
94,2023-12-29,357.01
95,2023-08-24,422.2
95,2023-09-22,90.26
95,2023-11-11,171.27
96,2023-05-26,315.57
96,2023-07-05,176.17
96,2023-07-07,393.98
96,2023-09-18,312.76
96,2023-10-24,166.07
96,2023-11-17,94.11
96,2023-11-29,221.73
97,2023-07-09,64.3
97,2023-08-14,157.06
97,2023-12-22,427.05
98,2023-11-18,485.9
98,2023-11-20,395.65
98,2023-11-23,170.64
98,2023-12-19,382.94
98,2023-12-23,355.33
99,2023-10-11,91.65
99,2023-10-16,259.34
99,2023-11-07,355.21
99,2023-12-13,276.8
100,2023-12-13,281.89
100,2023-12-26,229.67
100,2023-12-26,185.57
101,2023-08-26,466.16
101,2023-09-11,447.59
101,2023-09-13,256.36
101,2023-10-03,183.31
101,2023-10-22,384.51
101,2023-10-28,241.23
101,2023-11-04,495.8
101,2023-11-12,42.85
101,2023-12-05,260.46
101,2023-12-22,433.25
102,2023-11-14,467.72
102,2023-11-14,107.18
102,2023-12-18,199.61
102,2023-12-20,29.05
102,2023-12-26,215.21
103,2023-07-16,166.21
103,2023-07-23,438.46
103,2023-07-26,420.12
103,2023-08-01,495.56
103,2023-08-27,404.33
103,2023-11-16,421.44
103,2023-12-03,120.97
103,2023-12-15,54.71
104,2023-07-05,466.31
104,2023-08-30,144.28
104,2023-10-18,363.15
104,2023-10-26,364.06
104,2023-12-09,277.5
105,2023-05-18,410.51
105,2023-06-26,151.33
105,2023-08-16,34.9
105,2023-09-05,90.39
105,2023-09-11,326.54
105,2023-11-15,147.7
106,2023-05-02,119.65
106,2023-07-12,39.51
106,2023-08-10,179.18
106,2023-10-04,230.69
106,2023-12-16,199.76
107,2023-02-28,64.17
108,2023-09-12,88.85
109,2023-06-27,453.67
110,2023-03-04,92.36
110,2023-03-19,381.09
110,2023-04-22,209.47
110,2023-07-25,491.8
110,2023-08-10,290.54
111,2023-05-31,313.12
111,2023-06-06,312.42
111,2023-06-16,186.24
111,2023-06-28,439.79
111,2023-07-09,451.41
111,2023-11-08,146.11
111,2023-11-17,410.0
111,2023-11-26,105.47
111,2023-11-27,411.14
111,2023-12-06,448.47
112,2023-09-27,199.77
113,2023-09-18,485.64
113,2023-10-25,236.45
113,2023-11-17,435.83
113,2023-11-27,314.46
113,2023-12-13,109.26
114,2023-12-27,72.08
114,2023-12-27,29.22
114,2023-12-27,199.47
114,2023-12-27,332.4
114,2023-12-27,127.09
114,2023-12-28,404.25
114,2023-12-28,418.41
114,2023-12-28,275.58
114,2023-12-28,77.72
114,2023-12-29,25.71
115,2023-05-16,136.2
115,2023-06-02,175.91
115,2023-08-24,200.96
116,2023-10-11,134.28
116,2023-10-12,343.65
116,2023-11-08,456.84
116,2023-11-21,56.38
116,2023-11-21,338.3
116,2023-11-27,391.25
116,2023-11-27,53.41
116,2023-12-08,167.14
116,2023-12-27,422.1
117,2023-07-28,92.4
117,2023-08-21,154.26
117,2023-09-14,171.1
117,2023-09-28,333.28
117,2023-10-04,246.03
117,2023-10-28,146.02
117,2023-11-23,29.18
117,2023-11-27,211.45
117,2023-12-04,159.18
118,2023-12-07,125.61
118,2023-12-13,492.53
118,2023-12-16,110.61
118,2023-12-25,400.88
118,2023-12-30,496.03
119,2023-08-31,283.04
119,2023-09-02,464.01
119,2023-11-06,443.26
119,2023-11-08,114.35
120,2023-08-22,390.85
120,2023-09-15,41.88
120,2023-10-21,162.86
120,2023-10-22,281.04
120,2023-10-26,194.14
120,2023-11-21,87.23
120,2023-11-25,212.55
120,2023-12-08,181.24
120,2023-12-16,306.17
121,2023-03-22,251.21
121,2023-04-09,397.5
121,2023-06-12,429.85
121,2023-07-13,262.1
121,2023-07-14,288.52
121,2023-08-07,72.59
121,2023-10-08,298.43
121,2023-10-11,213.64
121,2023-11-13,240.75
122,2023-12-04,441.67
122,2023-12-06,255.12
122,2023-12-15,340.51
122,2023-12-30,40.2
123,2023-01-26,236.79
123,2023-03-15,61.28
123,2023-04-14,93.03
123,2023-04-20,309.37
123,2023-04-25,275.49
123,2023-11-26,432.26
123,2023-12-18,137.5
124,2023-12-25,395.26
124,2023-12-25,106.53
124,2023-12-26,477.08
124,2023-12-26,267.01
124,2023-12-27,273.06
124,2023-12-27,25.75
124,2023-12-28,362.07
124,2023-12-28,455.19
124,2023-12-29,253.62
124,2023-12-29,108.64
125,2023-06-04,437.43
125,2023-06-08,287.86
125,2023-07-11,494.37
126,2023-04-01,336.61
126,2023-07-14,90.01
126,2023-09-25,296.47
126,2023-09-25,66.04
126,2023-10-07,190.85
126,2023-10-12,131.27
126,2023-10-24,410.87
127,2023-06-06,88.01
127,2023-07-10,340.9
127,2023-10-01,98.92
127,2023-10-11,341.02
127,2023-10-24,180.7
127,2023-10-29,23.3
127,2023-10-31,408.82
127,2023-11-11,370.85
127,2023-12-08,183.19
127,2023-12-30,100.01
128,2023-11-05,481.08
129,2023-05-26,360.41
129,2023-06-29,461.74
129,2023-11-22,375.58
130,2023-07-03,114.08
130,2023-08-11,357.26
130,2023-08-19,481.68
130,2023-10-19,438.64
130,2023-11-23,480.21
130,2023-11-23,196.28
130,2023-12-08,327.16
131,2023-03-02,83.53
131,2023-04-06,176.88
131,2023-04-20,24.65
131,2023-08-04,227.27
131,2023-10-12,31.06
131,2023-11-12,72.66
131,2023-12-01,20.15
131,2023-12-04,146.16
132,2023-07-06,24.8
132,2023-08-15,162.46
132,2023-09-17,393.32
132,2023-09-28,426.19
132,2023-11-07,152.79
132,2023-12-06,231.44
132,2023-12-16,159.57
132,2023-12-17,481.82
132,2023-12-21,236.61
133,2023-07-24,251.88
133,2023-09-27,71.79
133,2023-12-04,300.34
133,2023-12-13,29.69
134,2023-07-02,55.09
134,2023-07-26,318.13
134,2023-07-26,266.08
134,2023-09-23,127.13
134,2023-09-27,185.28
134,2023-11-02,466.3
134,2023-11-08,105.52
134,2023-12-14,450.04
134,2023-12-23,413.54
135,2023-11-23,237.49
135,2023-12-15,280.37
136,2023-07-14,282.33
136,2023-07-22,62.53
136,2023-08-19,425.95
136,2023-10-14,387.13
136,2023-10-19,295.31
136,2023-11-19,53.92
136,2023-11-30,115.9
136,2023-12-04,414.38
136,2023-12-26,288.67
137,2023-05-20,208.19
137,2023-07-01,337.31
137,2023-07-02,182.03
137,2023-10-26,370.69
137,2023-10-31,106.1
137,2023-11-06,497.7
138,2023-12-28,187.7
139,2023-06-30,30.59
139,2023-07-12,25.91
139,2023-09-15,225.26
139,2023-09-22,411.0
140,2023-11-28,283.38
140,2023-11-29,263.77
140,2023-11-30,116.19
141,2023-12-04,90.95
141,2023-12-09,364.84
141,2023-12-11,363.15
141,2023-12-11,263.42
141,2023-12-19,250.09
141,2023-12-21,360.26
141,2023-12-25,119.57
141,2023-12-25,253.31
142,2023-12-28,396.57
142,2023-12-29,246.79
142,2023-12-29,71.88
142,2023-12-29,263.6
142,2023-12-29,312.35
142,2023-12-29,207.67
142,2023-12-30,492.67
142,2023-12-30,348.92
143,2023-09-07,495.6
143,2023-10-04,184.24
143,2023-11-23,278.2
144,2023-10-26,290.2
144,2023-11-02,166.35
144,2023-12-24,200.11
145,2023-07-19,460.47
145,2023-09-02,476.32
145,2023-09-08,242.96
145,2023-09-16,370.91
145,2023-10-06,456.4
145,2023-12-01,204.48
145,2023-12-04,422.88
145,2023-12-11,497.23
146,2023-11-16,392.22
146,2023-12-27,251.58
147,2023-01-17,270.97
147,2023-12-14,153.0
148,2023-09-10,489.39
148,2023-09-28,235.1
148,2023-10-06,422.39
148,2023-10-08,117.11
148,2023-10-11,59.67
148,2023-12-15,164.44
149,2023-05-15,92.79
149,2023-06-10,209.4
149,2023-08-09,415.07
149,2023-08-17,102.67
149,2023-09-05,432.54
149,2023-11-16,57.19
150,2023-09-27,22.66
150,2023-11-06,356.11
150,2023-11-08,319.32
150,2023-11-11,94.88
150,2023-11-20,351.84
150,2023-11-25,323.13
150,2023-12-14,59.32
150,2023-12-29,460.23
151,2023-01-31,207.69
151,2023-03-06,495.0
151,2023-05-22,479.41
151,2023-05-23,25.9
151,2023-09-16,401.12
152,2023-10-29,130.11
152,2023-11-12,246.6
152,2023-11-12,62.66
152,2023-11-29,316.87
152,2023-12-04,148.09
152,2023-12-17,179.01
153,2023-04-25,155.48
153,2023-07-03,254.13
154,2023-01-25,474.3
154,2023-04-27,433.06
154,2023-05-23,411.03
154,2023-06-10,167.94
154,2023-07-06,238.52
154,2023-07-19,264.76
154,2023-09-02,217.14
154,2023-09-05,298.17
154,2023-09-09,30.44
154,2023-10-28,399.53
155,2023-07-30,99.57
155,2023-08-02,105.56
155,2023-08-09,334.08
155,2023-08-29,194.8
155,2023-11-03,106.51
155,2023-11-08,210.35
155,2023-12-09,320.57
156,2023-12-21,91.21
156,2023-12-22,297.1
156,2023-12-24,256.66
156,2023-12-26,188.3
156,2023-12-29,347.78
157,2023-10-04,326.29
157,2023-10-22,485.78
157,2023-10-22,337.12
157,2023-11-03,81.35
157,2023-11-16,133.45
157,2023-11-26,150.04
157,2023-11-30,257.27
157,2023-12-14,484.63
157,2023-12-21,104.6
158,2023-06-14,75.81
158,2023-08-27,44.86
158,2023-09-22,138.24
158,2023-10-09,216.21
158,2023-10-25,56.78
158,2023-12-03,224.26
159,2023-12-05,221.17
159,2023-12-11,91.42
159,2023-12-12,328.49
159,2023-12-16,43.16
159,2023-12-18,130.81
159,2023-12-26,28.42
159,2023-12-27,157.49
159,2023-12-28,80.98
160,2023-07-12,381.99
160,2023-10-13,330.05
161,2023-10-19,316.74
161,2023-10-21,394.99
161,2023-10-21,89.71
161,2023-10-30,162.77
161,2023-11-09,347.95
161,2023-11-10,119.39
161,2023-11-15,373.77
161,2023-11-24,386.04
161,2023-12-21,403.53
162,2023-06-29,333.48
162,2023-07-17,353.16
162,2023-08-09,498.34
162,2023-08-15,273.0
162,2023-09-14,127.49
162,2023-10-06,34.52
162,2023-10-15,492.93
162,2023-10-17,184.56
163,2023-05-02,469.19
163,2023-05-11,123.25
163,2023-08-24,132.67
164,2023-10-01,38.08
164,2023-11-12,386.7
164,2023-12-28,231.32
165,2023-04-04,147.1
165,2023-04-07,296.44
165,2023-06-04,284.45
165,2023-06-09,327.27
165,2023-06-16,406.79
165,2023-08-12,377.91
165,2023-10-17,77.18
165,2023-11-05,153.81
165,2023-12-26,108.76
166,2023-05-02,81.64
166,2023-06-24,375.56
166,2023-08-08,290.34
166,2023-08-11,179.19
166,2023-12-09,251.26
167,2023-08-08,446.37
167,2023-08-13,58.69
167,2023-08-27,70.57
167,2023-08-30,409.77
167,2023-10-31,78.77
167,2023-11-10,310.42
167,2023-11-17,394.86
167,2023-12-15,41.42
168,2023-09-11,194.69
168,2023-09-14,273.16
168,2023-09-18,282.22
168,2023-10-16,255.05
168,2023-11-01,22.9
168,2023-11-17,217.51
169,2023-10-07,187.14
169,2023-10-15,315.24
169,2023-10-20,247.14
169,2023-10-28,499.5
169,2023-10-31,146.32
169,2023-11-16,498.98
169,2023-11-21,404.09
169,2023-12-07,410.9
170,2023-11-25,444.95
170,2023-12-11,408.06
170,2023-12-11,321.78
170,2023-12-19,469.17
170,2023-12-25,138.62
170,2023-12-27,95.62
171,2023-12-30,100.51
172,2023-06-21,293.11
172,2023-06-22,103.26
172,2023-07-28,214.29
172,2023-11-19,105.76
173,2023-03-22,195.06
173,2023-04-06,204.98
173,2023-08-22,389.93
173,2023-08-27,399.67
173,2023-10-31,430.99
173,2023-12-08,130.99
173,2023-12-09,454.08
173,2023-12-17,266.13
174,2023-07-28,354.04
174,2023-08-08,377.55
174,2023-08-21,363.77
174,2023-10-24,339.97
175,2023-12-26,211.23
175,2023-12-26,150.61
175,2023-12-26,347.2
175,2023-12-26,273.67
175,2023-12-26,402.51
175,2023-12-26,98.2
175,2023-12-30,119.41
176,2023-06-23,212.17
176,2023-06-25,405.67
176,2023-10-07,350.84
176,2023-12-19,363.34
177,2023-12-08,286.16
177,2023-12-19,426.52
177,2023-12-23,490.95
177,2023-12-24,53.34
177,2023-12-24,379.25
177,2023-12-28,480.45
178,2023-09-25,234.96
178,2023-11-01,215.17
179,2023-05-07,274.32
179,2023-06-16,170.53
179,2023-07-06,139.06
179,2023-09-04,190.83
179,2023-09-09,144.33
179,2023-09-17,29.02
179,2023-11-03,195.81
180,2023-07-30,221.09
180,2023-08-16,63.14
180,2023-09-03,156.54
180,2023-11-16,290.86
181,2023-12-08,335.59
181,2023-12-09,110.04
181,2023-12-18,52.23
182,2023-04-23,163.69
182,2023-07-24,43.36
182,2023-09-07,261.02
182,2023-09-19,244.61
182,2023-10-06,325.07
182,2023-10-09,150.9
182,2023-12-20,400.82
183,2023-02-07,371.0
183,2023-05-24,221.93
183,2023-05-26,272.29
183,2023-06-29,149.16
183,2023-07-08,248.76
183,2023-09-26,307.44
184,2023-06-01,488.25
184,2023-06-20,470.03
184,2023-07-06,438.98
184,2023-08-01,447.67
184,2023-11-12,243.47
184,2023-11-18,424.35
184,2023-12-01,408.65
184,2023-12-17,200.79
184,2023-12-26,419.77
184,2023-12-29,292.91
185,2023-05-13,402.01
185,2023-06-23,201.37
185,2023-06-24,457.36
185,2023-06-29,102.24
185,2023-08-09,90.69
185,2023-11-05,240.67
186,2023-06-12,357.35
186,2023-06-19,239.75
186,2023-06-22,184.05
186,2023-08-19,138.37
186,2023-08-25,79.67
186,2023-10-12,213.08
186,2023-10-21,140.78
186,2023-11-24,32.09
186,2023-12-03,413.76
186,2023-12-26,348.8
187,2023-05-11,84.32
188,2023-03-12,307.26
188,2023-04-21,498.99
188,2023-05-12,352.87
188,2023-05-13,490.88
188,2023-07-31,226.97
188,2023-09-26,422.47
188,2023-10-27,200.12
188,2023-11-20,96.28
188,2023-12-02,196.92
189,2023-02-12,254.93
189,2023-02-20,243.51
189,2023-04-14,63.17
189,2023-04-14,105.74
189,2023-04-22,60.2
189,2023-05-24,363.28
189,2023-06-27,258.68
189,2023-07-10,366.45
189,2023-08-23,84.47
189,2023-12-11,55.72
190,2023-08-01,339.71
190,2023-08-17,408.05
190,2023-09-25,182.13
190,2023-10-14,119.2
191,2023-09-01,265.02
191,2023-09-04,39.75
191,2023-09-13,224.9
191,2023-09-16,328.21
191,2023-09-21,293.1
191,2023-10-13,230.56
191,2023-11-25,285.95
191,2023-12-07,402.58
191,2023-12-09,377.03
191,2023-12-25,297.2
192,2023-06-06,111.36
192,2023-10-21,123.26
192,2023-10-24,330.68
192,2023-12-17,247.27
193,2023-10-12,217.54
193,2023-12-19,155.37
194,2023-10-11,81.26
194,2023-10-26,117.19
195,2023-07-17,462.72
195,2023-07-26,364.11
196,2023-12-03,297.96
196,2023-12-04,43.23
196,2023-12-06,180.27
196,2023-12-08,156.52
196,2023-12-12,58.01
196,2023-12-13,25.98
196,2023-12-14,406.98
196,2023-12-18,168.93
196,2023-12-26,228.14
196,2023-12-27,259.25
197,2023-10-01,201.69
197,2023-11-13,130.01
197,2023-12-29,448.3
198,2023-07-27,68.13
198,2023-07-31,89.24
198,2023-08-07,198.65
198,2023-08-21,148.31
198,2023-09-02,135.74
198,2023-09-04,286.27
198,2023-11-15,422.21
198,2023-12-06,148.62
198,2023-12-25,264.14
199,2023-09-20,395.6
200,2023-08-15,335.27
200,2023-08-20,316.31
200,2023-09-14,402.78
200,2023-10-16,488.28
200,2023-10-21,41.74
200,2023-11-02,244.41
200,2023-11-22,99.43
201,2023-05-26,241.78
201,2023-07-24,383.37
201,2023-12-15,46.53
201,2023-12-20,86.87
202,2023-01-22,247.7
202,2023-02-18,451.55
202,2023-05-25,84.16
202,2023-06-30,312.01
202,2023-07-07,33.18
202,2023-09-29,338.26
202,2023-10-16,339.39
202,2023-11-03,192.58
202,2023-11-26,357.37
203,2023-09-14,57.8
203,2023-09-30,217.46
203,2023-10-14,21.49
203,2023-10-28,314.17
203,2023-11-14,373.28
203,2023-11-18,431.92
203,2023-11-25,28.16
203,2023-11-30,372.43
203,2023-12-06,70.32
203,2023-12-18,478.19
204,2023-03-18,497.44
204,2023-04-05,75.81
204,2023-04-21,336.08
204,2023-05-10,44.62
204,2023-06-17,206.79
204,2023-07-02,436.63
204,2023-07-06,167.99
204,2023-09-24,440.04
204,2023-11-25,151.2
205,2023-04-01,152.39
205,2023-04-21,428.93
205,2023-08-09,75.47
205,2023-11-12,370.1
205,2023-11-29,368.16
206,2023-03-28,282.19
206,2023-05-04,285.5
206,2023-05-22,45.94
206,2023-06-01,188.17
206,2023-07-07,415.68
206,2023-07-23,195.27
206,2023-07-25,289.78
207,2023-06-04,236.07
207,2023-06-15,228.57
207,2023-07-07,290.08
207,2023-08-20,409.73
208,2023-08-08,144.8
208,2023-08-25,210.19
208,2023-10-28,230.69
208,2023-11-19,54.78
208,2023-11-20,95.2
209,2023-11-14,428.63
209,2023-11-22,193.96
209,2023-12-03,307.74
210,2023-09-02,26.73
211,2023-04-12,282.2
211,2023-07-04,265.28
211,2023-07-05,52.74
211,2023-09-22,196.29
211,2023-11-06,137.43
212,2023-05-06,428.12
212,2023-07-21,498.38
212,2023-11-16,267.83
213,2023-08-31,240.04
213,2023-09-09,127.12
213,2023-11-03,298.98
213,2023-11-24,495.31
213,2023-11-25,175.7
213,2023-11-30,360.79
213,2023-12-02,348.17
214,2023-07-22,479.37
214,2023-11-16,443.43
214,2023-11-18,236.47
215,2023-04-02,385.0
215,2023-10-27,108.6
215,2023-11-21,216.03
215,2023-11-29,42.93
216,2023-07-30,242.48
216,2023-09-08,315.38
216,2023-09-18,117.9
216,2023-10-19,440.7
216,2023-11-21,379.86
216,2023-11-23,221.61
216,2023-11-28,177.4
216,2023-12-24,119.13
216,2023-12-27,21.87
216,2023-12-28,393.71
217,2023-12-02,487.25
217,2023-12-12,417.62
218,2023-04-07,172.17
218,2023-06-19,111.48
218,2023-07-02,205.84
218,2023-08-06,30.54
218,2023-08-21,146.44
218,2023-10-26,269.19
218,2023-10-28,425.09
218,2023-11-19,131.94
218,2023-12-27,247.02
218,2023-12-30,106.77
219,2023-07-13,485.59
219,2023-08-24,40.13
220,2023-05-21,453.0
220,2023-05-28,123.28
220,2023-06-17,200.63
220,2023-07-14,256.96
220,2023-08-22,98.45
220,2023-11-18,449.49
220,2023-11-24,203.9
221,2023-04-29,136.38
221,2023-05-01,80.83
221,2023-06-18,220.6
221,2023-07-08,24.6
221,2023-08-13,395.85
221,2023-09-03,367.88
221,2023-10-10,299.11
221,2023-10-12,466.87
221,2023-10-13,330.98
222,2023-09-12,219.16
222,2023-10-10,382.13
222,2023-10-15,183.67
222,2023-10-30,499.09
222,2023-11-10,104.33
222,2023-11-23,494.28
222,2023-12-06,178.94
223,2023-03-31,158.93
223,2023-04-03,488.37
223,2023-08-10,67.41
223,2023-09-19,169.66
223,2023-10-01,247.96
223,2023-10-09,186.35
223,2023-11-08,304.98
224,2023-07-03,70.44
224,2023-07-28,104.25
224,2023-08-13,396.26
224,2023-11-23,25.63
224,2023-11-24,152.58
224,2023-12-12,285.19
224,2023-12-15,448.22
224,2023-12-15,260.12
225,2023-10-19,112.04
225,2023-11-20,199.69
226,2023-07-22,273.11
226,2023-08-06,235.6
226,2023-10-29,497.69
226,2023-12-05,160.87
226,2023-12-06,218.98
226,2023-12-09,297.27
227,2023-12-30,86.7
227,2023-12-30,39.04
228,2023-04-28,349.29
228,2023-04-30,272.38
228,2023-05-13,390.34
228,2023-05-13,29.98
228,2023-08-06,390.91
228,2023-09-15,319.64
228,2023-09-30,270.39
228,2023-10-17,360.11
228,2023-11-07,178.49
228,2023-12-09,172.56
229,2023-09-26,319.04
229,2023-11-19,393.06
229,2023-11-28,271.11
229,2023-12-09,46.65
229,2023-12-13,419.85
229,2023-12-14,285.13
229,2023-12-23,313.46
230,2023-06-24,127.07
230,2023-07-04,128.26
230,2023-07-27,300.92
230,2023-07-28,368.36
230,2023-08-19,431.06
230,2023-08-30,490.54
230,2023-09-16,76.47
230,2023-10-30,153.64
230,2023-11-07,95.92
230,2023-12-08,215.95
231,2023-09-25,248.53
232,2023-10-02,201.01
232,2023-10-08,264.76
232,2023-11-15,395.42
232,2023-12-13,108.26
232,2023-12-20,251.1
232,2023-12-24,269.36
232,2023-12-27,292.66
233,2023-11-19,474.33
233,2023-11-23,498.17
233,2023-11-25,71.94
233,2023-11-26,43.92
233,2023-12-25,401.61
233,2023-12-25,298.77
234,2023-06-11,391.59
234,2023-06-17,468.15
235,2023-11-03,193.36
235,2023-11-11,326.62
235,2023-11-22,331.91
235,2023-11-25,445.33
235,2023-12-08,294.88
235,2023-12-13,65.72
235,2023-12-17,322.4
236,2023-10-29,53.06
236,2023-11-06,274.33
236,2023-11-12,342.86
236,2023-12-13,134.17
236,2023-12-21,121.88
237,2023-03-17,423.57
237,2023-05-10,231.9
237,2023-05-16,435.61
237,2023-07-19,29.14
237,2023-07-25,361.37
237,2023-08-04,83.15
237,2023-08-12,257.21
237,2023-08-15,453.45
237,2023-09-03,160.87
237,2023-12-22,91.93
238,2023-06-06,400.79
239,2023-09-05,152.62
240,2023-05-01,249.24
240,2023-07-13,451.68
240,2023-07-24,242.37
240,2023-08-07,149.17
240,2023-09-03,50.23
240,2023-11-11,450.46
240,2023-11-28,333.57
240,2023-12-01,395.77
240,2023-12-01,485.23
240,2023-12-06,149.92
241,2023-09-17,212.06
241,2023-12-04,174.04
241,2023-12-19,393.36
242,2023-06-11,490.87
242,2023-07-04,117.93
242,2023-08-05,139.01
242,2023-08-19,168.66
242,2023-09-05,278.48
242,2023-09-17,328.46
242,2023-09-28,383.36
242,2023-10-03,133.69
242,2023-10-29,49.94
243,2023-07-17,181.65
243,2023-07-19,360.57
243,2023-08-31,297.67
243,2023-11-05,47.77
243,2023-12-13,96.72
244,2023-09-15,422.11
244,2023-09-16,326.4
244,2023-10-12,308.16
244,2023-10-31,106.34
244,2023-12-30,150.76
245,2023-04-21,304.58
245,2023-07-08,166.38
245,2023-09-25,68.2
245,2023-11-30,154.27
245,2023-12-24,467.51
246,2023-04-30,425.9
246,2023-06-11,327.59
246,2023-09-22,325.2
246,2023-12-28,403.94
247,2023-07-23,421.95
247,2023-07-30,104.29
247,2023-09-15,311.79
247,2023-09-18,51.38
247,2023-10-12,402.27
247,2023-11-04,238.16
247,2023-12-01,37.46
248,2023-08-07,285.28
249,2023-03-15,82.68
249,2023-03-18,132.71
249,2023-04-19,244.34
249,2023-04-21,39.52
249,2023-04-23,251.83
249,2023-10-19,371.02
249,2023-10-20,265.03
249,2023-10-21,491.88
249,2023-11-22,57.36
249,2023-12-26,284.49
250,2023-05-08,307.24
250,2023-05-19,239.1
250,2023-07-01,130.49
250,2023-08-13,39.54
250,2023-08-22,58.8
250,2023-08-25,281.19
250,2023-09-15,97.64
250,2023-09-23,46.87
250,2023-11-03,252.11
250,2023-12-27,83.17
251,2023-11-14,439.01
251,2023-12-10,455.01
251,2023-12-23,52.92
251,2023-12-27,189.27
252,2023-12-03,104.2
252,2023-12-07,227.39
252,2023-12-07,419.37
252,2023-12-19,361.63
252,2023-12-25,265.65
253,2023-09-30,98.16
253,2023-10-14,138.32
253,2023-10-16,437.46
253,2023-10-17,158.07
253,2023-11-03,462.86
253,2023-11-27,484.73
253,2023-12-01,96.53
253,2023-12-12,246.91
253,2023-12-29,486.52
254,2023-08-14,263.78
254,2023-08-15,25.08
254,2023-09-01,380.23
254,2023-11-10,383.39
254,2023-12-04,419.11
255,2023-03-14,63.41
255,2023-03-15,166.04
255,2023-03-28,353.17
255,2023-06-29,323.69
255,2023-07-21,314.02
255,2023-08-30,423.61
255,2023-11-16,304.19
256,2023-11-12,251.53
256,2023-11-17,93.81
256,2023-11-24,173.85
256,2023-11-27,257.65
256,2023-12-13,92.54
256,2023-12-14,99.37
257,2023-10-17,290.56
257,2023-11-21,401.19
257,2023-12-17,133.25
258,2023-12-27,298.25
258,2023-12-27,484.31
258,2023-12-28,81.95
258,2023-12-29,109.14
258,2023-12-29,419.28
258,2023-12-29,339.34
259,2023-11-11,20.98
259,2023-11-16,256.43
259,2023-12-07,188.57
259,2023-12-18,443.38
259,2023-12-23,380.16
259,2023-12-30,312.35
260,2023-11-10,357.27
260,2023-11-12,338.39
260,2023-11-15,466.0
260,2023-12-18,41.11
260,2023-12-21,258.73
260,2023-12-29,398.73
260,2023-12-30,128.86
261,2023-08-27,323.92
261,2023-10-10,448.12
261,2023-11-07,430.39
261,2023-11-18,25.67
261,2023-11-29,483.83
262,2023-10-02,346.67
262,2023-10-03,347.71
262,2023-10-28,235.67
262,2023-11-10,342.17
262,2023-11-13,349.66
262,2023-11-17,109.0
262,2023-11-19,76.09
262,2023-11-27,103.95
262,2023-11-28,179.88
263,2023-05-03,316.92
263,2023-05-05,49.0
263,2023-06-25,126.0
263,2023-07-22,346.41
263,2023-08-10,283.67
263,2023-08-21,142.66
263,2023-09-16,478.45
263,2023-09-18,481.76
263,2023-09-21,258.18
263,2023-10-19,152.37
264,2023-03-27,112.74
264,2023-06-01,197.96
264,2023-06-15,206.4
264,2023-10-28,445.73
264,2023-11-01,162.04
264,2023-12-17,70.25
264,2023-12-17,409.2
265,2023-08-17,348.27
265,2023-08-31,128.17
265,2023-09-15,362.01
265,2023-09-30,405.49
265,2023-10-06,152.83
265,2023-10-30,246.98
265,2023-11-04,158.26
265,2023-11-24,65.12
265,2023-11-26,408.03
266,2023-10-25,73.05
266,2023-10-31,209.37
266,2023-11-04,335.42
266,2023-11-28,238.97
266,2023-11-29,456.54
266,2023-12-03,228.79
266,2023-12-28,117.37
267,2023-05-23,213.37
267,2023-09-18,86.25
268,2023-01-14,155.39
268,2023-02-05,404.69
268,2023-03-25,458.05
268,2023-06-21,460.58
268,2023-07-21,274.75
268,2023-09-18,334.14
268,2023-12-25,30.97
269,2023-04-20,38.76
269,2023-04-21,417.66
269,2023-06-21,491.21
269,2023-08-12,95.21
269,2023-10-17,318.87
269,2023-11-17,119.52
270,2023-05-06,98.87
270,2023-05-08,215.0
270,2023-05-26,111.32
270,2023-05-31,330.11
270,2023-06-30,310.52
270,2023-09-12,411.79
270,2023-10-06,127.08
270,2023-10-06,249.28
270,2023-10-31,397.6
270,2023-12-10,328.85
271,2023-06-19,192.76
271,2023-09-04,434.47
272,2023-04-03,327.13
272,2023-07-31,35.82
272,2023-09-26,175.58
272,2023-11-23,239.94
273,2023-11-28,121.43
273,2023-12-09,201.72
273,2023-12-27,195.23
274,2023-09-15,436.09
274,2023-09-15,391.47
274,2023-09-21,321.82
274,2023-10-06,165.06
274,2023-10-17,491.51
274,2023-10-25,117.46
274,2023-11-17,347.6
274,2023-12-18,312.37
275,2023-10-28,259.19
276,2023-09-24,83.05
277,2023-06-05,320.74
277,2023-06-11,90.75
277,2023-07-12,281.05
277,2023-12-19,263.51
278,2023-12-22,495.85
278,2023-12-23,256.1
278,2023-12-24,296.39
278,2023-12-27,450.47
278,2023-12-28,443.54
278,2023-12-29,299.69
279,2023-09-17,165.27
279,2023-09-24,85.03
279,2023-10-14,398.9
279,2023-11-25,203.29
279,2023-11-28,439.03
279,2023-12-01,46.29
280,2023-12-21,328.2
281,2023-08-31,204.19
281,2023-10-06,467.02
281,2023-11-01,493.47
281,2023-12-29,254.73
282,2023-08-05,253.21
282,2023-08-12,25.36
282,2023-08-15,495.39
282,2023-09-07,48.92
282,2023-09-08,488.34
282,2023-10-08,221.81
282,2023-10-16,208.72
282,2023-10-16,215.63
282,2023-11-19,370.52
283,2023-12-30,20.21
283,2023-12-30,250.08
284,2023-02-09,229.51
284,2023-04-26,293.92
284,2023-05-15,463.91
284,2023-06-18,73.07
284,2023-06-24,104.06
284,2023-08-19,411.19
284,2023-09-23,263.92
284,2023-10-02,87.4
284,2023-11-17,47.78
284,2023-12-20,237.78
285,2023-11-24,210.41
285,2023-12-01,172.84
285,2023-12-11,282.59
285,2023-12-29,342.91
286,2023-07-07,411.42
286,2023-07-21,314.41
286,2023-08-11,156.02
286,2023-08-26,239.42
286,2023-08-28,497.52
286,2023-09-05,385.79
286,2023-11-19,263.03
286,2023-11-23,152.15
286,2023-12-07,115.91
286,2023-12-20,143.73
287,2023-03-20,51.19
287,2023-05-08,339.37
287,2023-06-02,375.47
287,2023-09-11,142.64
287,2023-11-20,163.96
288,2023-07-08,148.28
288,2023-09-04,350.18
288,2023-09-26,305.83
288,2023-09-29,423.48
289,2023-07-31,457.67
289,2023-08-11,464.44
289,2023-08-31,160.87
289,2023-10-13,485.46
289,2023-10-22,415.19
289,2023-10-26,417.36
289,2023-11-03,21.28
290,2023-11-14,456.68
290,2023-11-17,340.65
290,2023-12-02,75.65
290,2023-12-10,88.58
290,2023-12-14,351.17
291,2023-06-01,94.25
291,2023-07-21,239.81
291,2023-07-23,281.55
291,2023-08-15,308.99
291,2023-09-12,316.89
291,2023-09-20,484.89
291,2023-10-29,80.51
291,2023-11-26,263.63
291,2023-12-25,214.39
292,2023-12-14,237.22
292,2023-12-16,201.37
292,2023-12-25,239.05
293,2023-01-18,463.14
293,2023-02-20,331.59
293,2023-03-03,413.43
293,2023-03-26,426.66
293,2023-04-02,360.7
293,2023-07-02,497.06
293,2023-08-03,228.86
293,2023-10-17,447.86
293,2023-11-25,215.97
294,2023-11-12,127.81
294,2023-11-24,175.0
295,2023-07-22,430.63
295,2023-08-09,200.93
295,2023-08-11,397.52
295,2023-08-15,430.54
295,2023-08-21,296.26
295,2023-08-27,131.96
296,2023-05-03,486.58
296,2023-05-04,222.35
296,2023-05-19,412.78
296,2023-06-23,161.65
296,2023-07-06,432.82
296,2023-08-24,224.03
296,2023-09-18,326.59
297,2023-10-03,329.29
297,2023-10-09,52.07
297,2023-11-21,358.61
297,2023-12-02,364.78
298,2023-05-13,167.93
298,2023-08-28,236.61
298,2023-10-06,356.44
298,2023-10-16,125.23
298,2023-12-28,56.53
299,2023-04-28,325.68
299,2023-06-08,347.18
299,2023-08-17,146.12
299,2023-09-05,168.87
300,2023-08-24,217.28
300,2023-09-02,377.31
300,2023-09-25,300.76
300,2023-10-14,48.79
300,2023-10-17,148.95
300,2023-11-04,294.98
300,2023-11-15,138.36
300,2023-11-16,205.55
300,2023-12-02,242.22
300,2023-12-06,268.8
301,2023-07-21,108.14
301,2023-08-03,333.77
301,2023-10-28,255.45
301,2023-12-08,221.47
301,2023-12-21,479.61
301,2023-12-22,485.08
302,2023-10-16,114.92
302,2023-10-26,456.5
302,2023-11-08,398.73
302,2023-11-10,28.35
302,2023-11-10,381.04
302,2023-11-12,270.29
302,2023-11-15,428.78
302,2023-12-02,375.19
302,2023-12-07,451.1
302,2023-12-16,336.98
303,2023-05-01,63.82
303,2023-09-20,168.32
303,2023-12-23,64.63
304,2023-11-05,309.23
304,2023-11-09,108.48
304,2023-11-19,146.03
304,2023-12-02,212.65
304,2023-12-10,197.81
304,2023-12-19,420.29
304,2023-12-25,212.15
304,2023-12-26,54.56
305,2023-11-13,498.89
305,2023-11-23,444.17
306,2023-08-23,485.29
307,2023-03-13,372.82
307,2023-06-29,66.46
307,2023-07-22,35.08
307,2023-09-15,170.59
307,2023-10-13,443.09
307,2023-10-21,300.23
307,2023-11-25,414.52
308,2023-11-02,39.73
309,2023-11-28,292.31
309,2023-11-28,364.69
309,2023-12-04,93.81
309,2023-12-15,66.77
309,2023-12-18,383.81
309,2023-12-23,312.1
309,2023-12-28,115.15
309,2023-12-28,157.34
309,2023-12-29,286.47
310,2023-11-06,230.53
311,2023-05-12,432.77
311,2023-12-16,230.46
312,2023-12-27,334.9
312,2023-12-28,391.95
312,2023-12-28,39.06
312,2023-12-29,306.41
312,2023-12-30,192.73
313,2023-02-28,29.08
313,2023-04-18,430.35
313,2023-05-09,426.98
313,2023-05-28,133.13
313,2023-09-20,198.69
313,2023-10-26,382.15
313,2023-11-18,237.68
313,2023-12-14,469.77
313,2023-12-18,326.64
313,2023-12-22,23.75
314,2023-04-07,327.98
314,2023-04-09,395.94
314,2023-05-11,69.22
314,2023-05-16,255.58
314,2023-06-30,358.66
314,2023-10-04,180.9
314,2023-11-09,422.71
315,2023-07-12,70.31
315,2023-09-17,458.01
315,2023-09-22,182.05
315,2023-10-12,457.19
315,2023-10-16,150.24
315,2023-12-16,90.7
316,2023-07-12,188.9
316,2023-07-22,40.66
316,2023-09-29,290.46
316,2023-10-10,376.62
316,2023-10-16,282.49
316,2023-11-06,46.88
316,2023-11-29,203.4
316,2023-12-26,422.34
317,2023-07-26,354.78
318,2023-11-08,312.67
318,2023-11-11,267.51
318,2023-12-11,110.55
319,2023-07-05,250.63
319,2023-09-28,253.68
319,2023-10-21,473.29
319,2023-11-29,454.66
320,2023-12-14,56.72
320,2023-12-23,100.32
321,2023-01-31,174.5
321,2023-08-04,306.13
321,2023-12-16,166.61
322,2023-11-14,53.82
322,2023-11-19,399.29
322,2023-12-07,222.98
323,2023-05-23,380.44
323,2023-06-13,321.86
323,2023-08-15,267.11
323,2023-08-27,96.38
323,2023-09-16,29.9
324,2023-09-10,223.69
324,2023-09-16,100.35
324,2023-09-21,333.55
324,2023-10-26,203.28
325,2023-08-21,42.81
325,2023-08-23,186.4
325,2023-09-13,106.37
325,2023-09-27,463.32
325,2023-10-02,333.31
325,2023-10-23,118.53
325,2023-10-30,165.61
326,2023-01-22,486.06
326,2023-03-08,489.0
326,2023-04-05,316.86
326,2023-06-07,215.89
326,2023-07-07,266.38
326,2023-09-18,150.26
326,2023-10-05,42.02
326,2023-10-12,221.6
327,2023-01-31,493.6
327,2023-03-31,406.72
327,2023-05-07,62.4
327,2023-05-16,248.16
327,2023-05-29,494.48
327,2023-07-19,90.87
327,2023-12-13,134.51
328,2023-10-03,284.96
328,2023-10-17,260.53
328,2023-10-27,440.08
328,2023-10-31,41.45
328,2023-11-21,232.99
329,2023-07-24,266.95
329,2023-08-03,124.09
329,2023-08-14,128.15
329,2023-10-06,383.73
329,2023-10-24,430.77
329,2023-11-04,472.17
329,2023-12-05,181.94
329,2023-12-27,124.74
330,2023-08-18,464.01
330,2023-08-23,406.82
330,2023-09-17,160.69
330,2023-09-22,177.49
330,2023-09-29,493.89
331,2023-08-20,283.83
331,2023-09-06,174.66
331,2023-09-09,378.36
331,2023-10-22,350.15
331,2023-10-22,303.51
331,2023-10-27,368.18
331,2023-11-07,456.79
331,2023-11-14,194.76
331,2023-11-30,55.23
331,2023-12-12,388.22
332,2023-09-08,433.54
332,2023-09-20,404.46
332,2023-10-03,448.88
332,2023-10-06,140.35
332,2023-10-10,227.91
332,2023-10-18,483.73
332,2023-10-26,290.84
332,2023-12-01,45.74
332,2023-12-13,44.28
332,2023-12-13,350.75
333,2023-09-03,321.89
333,2023-09-16,153.34
333,2023-10-13,421.06
333,2023-11-28,432.61
333,2023-12-24,149.49
334,2023-11-02,40.0
334,2023-11-11,50.21
334,2023-11-11,294.9
334,2023-11-17,161.05
334,2023-11-25,287.51
334,2023-11-27,50.83
334,2023-12-05,460.18
334,2023-12-13,163.57
334,2023-12-16,464.95
334,2023-12-17,366.88
335,2023-03-18,312.07
335,2023-05-01,34.8
335,2023-05-12,171.34
335,2023-05-19,194.11
335,2023-05-27,296.7
335,2023-11-21,38.92
335,2023-12-30,360.93
336,2023-12-09,430.48
336,2023-12-10,290.25
336,2023-12-15,369.65
336,2023-12-18,338.68
336,2023-12-24,438.07
336,2023-12-26,159.17
336,2023-12-27,25.25
337,2023-03-20,336.69
337,2023-04-29,479.69
337,2023-05-09,457.0
337,2023-05-24,378.35
337,2023-08-30,168.23
337,2023-09-06,373.41
337,2023-09-30,105.03
337,2023-10-22,232.13
338,2023-02-06,443.57
338,2023-03-09,213.24
338,2023-06-23,88.78
338,2023-07-20,317.16
338,2023-07-23,214.89
338,2023-08-11,469.62
338,2023-09-03,124.16
339,2023-06-29,408.2
339,2023-07-04,435.31
339,2023-07-08,141.07
339,2023-07-09,52.31
339,2023-09-15,312.08
339,2023-12-09,339.48
339,2023-12-19,323.19
340,2023-10-17,78.65
340,2023-12-03,439.08
340,2023-12-03,36.96
341,2023-09-21,191.75
341,2023-10-21,34.71
341,2023-12-07,393.76
341,2023-12-17,97.9
341,2023-12-27,236.13
342,2023-11-25,292.32
342,2023-12-03,325.57
342,2023-12-05,491.09
342,2023-12-09,384.46
342,2023-12-16,457.44
342,2023-12-23,34.55
342,2023-12-29,159.49
343,2023-03-14,42.98
343,2023-05-11,485.71
343,2023-10-10,73.31
343,2023-12-20,186.46
343,2023-12-23,457.14
343,2023-12-26,253.56
344,2023-12-17,145.53
344,2023-12-19,343.28
344,2023-12-22,165.66
344,2023-12-25,405.9
344,2023-12-25,275.09
344,2023-12-26,43.37
344,2023-12-29,75.73
345,2023-09-17,43.43
345,2023-09-19,65.66
345,2023-09-27,398.2
345,2023-11-04,188.11
345,2023-11-06,42.0
345,2023-11-08,347.31
345,2023-12-11,433.33
345,2023-12-21,302.38
346,2023-08-17,267.55
346,2023-08-17,330.93
346,2023-11-04,495.57
347,2023-08-11,263.89
347,2023-08-21,108.67
347,2023-09-24,71.64
347,2023-10-04,213.02
347,2023-10-12,219.98
347,2023-10-14,356.48
347,2023-10-18,480.56
347,2023-11-09,470.04
348,2023-09-01,296.69
349,2023-07-21,136.38
349,2023-08-27,482.41
349,2023-08-28,484.28
349,2023-09-07,28.8
349,2023-09-14,101.81
349,2023-09-19,65.42
349,2023-11-11,363.71
349,2023-12-14,481.68
349,2023-12-19,81.81
349,2023-12-29,422.97
350,2023-12-10,219.38
350,2023-12-12,272.52
350,2023-12-15,377.24
350,2023-12-16,415.57
350,2023-12-16,131.3
350,2023-12-20,316.57
350,2023-12-22,269.66
350,2023-12-26,323.83
350,2023-12-30,138.81
351,2023-10-24,452.92
351,2023-12-26,460.12
352,2023-12-28,311.14
353,2023-08-07,58.06
353,2023-08-27,289.7
353,2023-10-14,421.29
354,2023-12-03,261.62
354,2023-12-06,248.17
354,2023-12-11,90.88
354,2023-12-12,76.84
354,2023-12-12,136.31
354,2023-12-17,433.56
354,2023-12-18,26.78
354,2023-12-22,364.17
354,2023-12-26,194.83
354,2023-12-30,184.54
355,2023-10-29,455.7
355,2023-11-09,158.04
355,2023-11-30,192.21
355,2023-12-22,72.28
356,2023-08-16,92.92
356,2023-10-03,340.16
356,2023-11-09,380.15
356,2023-11-27,423.93
357,2023-10-01,299.91
357,2023-10-08,190.62
357,2023-11-24,482.75
357,2023-12-03,232.77
358,2023-10-20,445.81
358,2023-12-16,101.25
359,2023-10-09,59.29
359,2023-10-31,180.32
359,2023-11-16,106.54
359,2023-11-18,492.86
359,2023-12-13,179.2
359,2023-12-19,372.65
359,2023-12-21,432.26
359,2023-12-29,440.68
360,2023-06-02,495.65
360,2023-06-19,116.92
360,2023-06-20,269.08
360,2023-07-06,234.31
360,2023-07-22,431.2
360,2023-08-21,236.05
360,2023-09-07,378.08
360,2023-09-25,253.29
360,2023-10-24,266.77
360,2023-11-16,96.34
361,2023-12-09,233.63
361,2023-12-15,220.61
362,2023-10-29,340.71
362,2023-11-12,456.55
362,2023-12-02,117.48
362,2023-12-10,91.72
362,2023-12-13,410.54
362,2023-12-14,372.0
362,2023-12-23,144.54
363,2023-10-28,270.27
363,2023-10-30,262.23
363,2023-11-03,457.58
363,2023-11-24,439.02
363,2023-12-05,213.09
363,2023-12-07,251.63
363,2023-12-09,364.99
363,2023-12-16,55.06
363,2023-12-24,237.83
364,2023-08-28,242.96
364,2023-09-02,281.03
364,2023-09-06,195.33
364,2023-09-10,67.29
364,2023-09-10,74.24
364,2023-10-09,183.86
364,2023-10-30,279.28
364,2023-11-14,267.45
364,2023-12-26,347.9
365,2023-04-28,460.86
366,2023-04-02,488.12
366,2023-05-08,206.74
366,2023-06-23,69.08
366,2023-06-29,267.82
366,2023-09-02,266.57
366,2023-10-18,252.68
366,2023-11-16,322.07
366,2023-12-13,149.29
366,2023-12-29,147.35
367,2023-08-21,138.74
367,2023-08-27,454.83
368,2023-09-17,285.61
368,2023-10-22,113.66
368,2023-10-28,219.14
368,2023-11-03,67.66
368,2023-12-29,90.19
369,2023-06-21,100.68
369,2023-08-12,116.64
369,2023-09-09,110.25
369,2023-09-27,309.83
369,2023-12-16,366.77
370,2023-08-04,383.59
370,2023-09-10,347.45
370,2023-11-04,306.48
370,2023-11-15,133.86
370,2023-11-25,491.48
370,2023-11-25,26.46
370,2023-12-08,223.25
371,2023-12-20,95.59
371,2023-12-22,245.3
371,2023-12-30,113.17
372,2023-03-05,73.64
372,2023-07-23,138.63
372,2023-07-31,110.3
372,2023-08-12,280.24
372,2023-08-26,272.43
372,2023-09-15,54.01
372,2023-10-20,268.64
372,2023-11-21,380.66
373,2023-08-21,127.3
373,2023-09-29,479.79
373,2023-10-09,215.89
373,2023-10-26,288.56
373,2023-12-14,158.61
374,2023-12-10,256.63
374,2023-12-12,187.49
375,2023-05-20,84.03
375,2023-05-25,266.44
375,2023-06-02,323.22
375,2023-07-08,126.64
375,2023-10-05,400.53
375,2023-12-25,54.25
375,2023-12-30,27.86
376,2023-05-10,313.59
376,2023-05-24,461.8
376,2023-06-26,100.85
376,2023-07-02,87.99
376,2023-12-10,383.37
377,2023-10-10,169.24
377,2023-10-11,496.48
377,2023-12-22,24.91
377,2023-12-24,332.92
378,2023-10-18,149.99
378,2023-10-25,162.87
378,2023-11-03,148.97
378,2023-11-11,179.44
378,2023-11-14,434.48
378,2023-12-02,482.19
379,2023-09-19,460.53
379,2023-10-08,411.63
379,2023-10-18,493.49
379,2023-10-22,245.85
379,2023-11-17,202.17
379,2023-11-28,178.11
380,2023-08-09,23.1
380,2023-09-17,54.32
381,2023-11-16,260.02
381,2023-11-24,366.11
381,2023-12-13,312.61
381,2023-12-14,402.79
381,2023-12-16,238.01
381,2023-12-18,496.34
382,2023-04-02,223.24
382,2023-04-05,99.96
382,2023-05-11,45.16
382,2023-06-29,456.21
382,2023-07-04,279.39
382,2023-08-31,105.7
383,2023-06-08,292.47
383,2023-07-22,320.51
383,2023-08-21,428.01
383,2023-09-20,21.72
383,2023-10-10,400.87
383,2023-11-03,378.38
383,2023-11-29,261.61
383,2023-12-08,379.65
383,2023-12-10,262.15
383,2023-12-29,216.47
384,2023-02-10,326.17
384,2023-04-18,35.49
384,2023-04-19,390.55
384,2023-04-28,346.57
384,2023-05-11,25.54
384,2023-09-13,379.35
384,2023-09-19,445.01
384,2023-10-22,251.54
385,2023-10-22,369.87
385,2023-10-23,66.76
385,2023-10-25,374.26
385,2023-10-31,369.59
385,2023-11-18,472.59
385,2023-12-02,149.05
385,2023-12-03,375.24
385,2023-12-16,212.25
385,2023-12-30,224.51
386,2023-10-07,405.82
386,2023-10-28,270.38
387,2023-12-20,385.99
387,2023-12-23,210.68
387,2023-12-24,165.84
387,2023-12-26,354.58
387,2023-12-26,177.71
387,2023-12-29,259.75
388,2023-09-09,110.7
388,2023-10-26,34.79
388,2023-11-13,472.9
388,2023-11-30,373.17
388,2023-12-03,59.71
388,2023-12-22,249.54
389,2023-02-20,152.71
389,2023-05-06,439.1
389,2023-06-12,358.17
389,2023-06-20,234.41
389,2023-06-27,83.71
389,2023-07-21,146.04
389,2023-10-12,46.96
389,2023-10-26,336.66
390,2023-08-16,264.4
390,2023-08-19,388.51
390,2023-08-24,302.99
390,2023-08-28,88.9
390,2023-09-20,326.19
390,2023-09-28,344.76
391,2023-10-27,51.59
391,2023-11-29,394.53
391,2023-11-30,374.93
391,2023-12-01,428.25
391,2023-12-05,32.09
391,2023-12-05,35.57
391,2023-12-20,36.49
391,2023-12-25,266.16
392,2023-09-30,298.17
392,2023-11-01,252.45
392,2023-11-21,429.96
392,2023-11-28,418.83
392,2023-12-23,296.07
392,2023-12-25,483.01
393,2023-02-01,124.34
393,2023-03-18,81.28
393,2023-06-06,228.89
393,2023-08-08,416.08
393,2023-08-10,418.45
393,2023-09-02,417.05
393,2023-09-25,334.86
393,2023-09-29,173.63
394,2023-09-15,479.55
394,2023-12-05,351.02
395,2023-04-30,51.7
395,2023-05-21,206.78
395,2023-05-25,227.46
395,2023-10-23,393.68
395,2023-11-02,366.38
395,2023-12-22,329.37
395,2023-12-22,79.93
396,2023-11-08,403.61
396,2023-12-21,163.06
397,2023-11-14,52.84
397,2023-11-26,36.3
397,2023-11-26,147.95
397,2023-11-28,335.7
397,2023-12-13,68.15
397,2023-12-16,116.09
397,2023-12-17,306.66
397,2023-12-18,218.12
397,2023-12-24,310.63
398,2023-07-04,191.92
398,2023-07-14,474.29
398,2023-08-02,436.22
398,2023-08-12,410.19
398,2023-09-01,494.07
398,2023-09-03,414.59
398,2023-11-22,417.05
398,2023-12-24,290.35
398,2023-12-26,20.25
399,2023-07-03,427.29
399,2023-07-29,436.78
399,2023-09-28,41.46
399,2023-10-14,179.54
399,2023-10-17,372.11
399,2023-11-20,194.16
399,2023-12-07,459.22
400,2023-09-18,437.7
400,2023-10-07,180.65
400,2023-10-08,486.57
400,2023-10-16,473.89
400,2023-10-24,342.01
400,2023-10-27,329.24
400,2023-11-16,486.62
400,2023-11-17,284.65
400,2023-12-05,28.24
400,2023-12-27,359.63
401,2023-09-11,476.34
402,2023-10-07,378.18
402,2023-12-23,106.73
403,2023-05-19,263.02
403,2023-05-24,95.71
403,2023-06-21,178.04
403,2023-07-13,425.39
403,2023-08-02,381.37
403,2023-08-06,469.81
403,2023-10-11,95.4
403,2023-10-27,238.41
403,2023-12-04,357.21
404,2023-11-09,98.21
404,2023-11-11,291.83
404,2023-11-19,445.51
404,2023-11-28,22.38
404,2023-12-13,308.05
404,2023-12-24,370.99
405,2023-05-15,466.21
405,2023-06-08,383.18
405,2023-06-25,480.18
405,2023-07-07,437.9
405,2023-07-18,283.35
405,2023-10-08,64.91
405,2023-11-09,257.5
405,2023-11-30,188.88
405,2023-12-11,391.12
405,2023-12-26,110.03
406,2023-11-23,198.32
406,2023-12-03,187.27
406,2023-12-07,57.63
406,2023-12-14,283.92
406,2023-12-16,82.06
406,2023-12-16,245.88
406,2023-12-22,472.49
406,2023-12-25,112.19
406,2023-12-25,287.87
406,2023-12-27,116.97
407,2023-12-30,438.66
407,2023-12-30,431.9
407,2023-12-30,484.26
407,2023-12-30,408.17
407,2023-12-30,46.31
407,2023-12-30,162.1
407,2023-12-30,72.25
408,2023-06-19,362.21
408,2023-07-01,60.01
408,2023-07-25,80.63
408,2023-08-02,349.65
408,2023-08-30,297.4
408,2023-11-18,382.75
408,2023-12-10,63.33
408,2023-12-21,220.95
408,2023-12-24,247.49
409,2023-03-02,327.19
410,2023-05-03,477.23
410,2023-06-03,66.23
410,2023-08-15,278.18
410,2023-09-20,486.14
410,2023-09-26,157.51
410,2023-11-08,88.9
410,2023-12-24,189.72
411,2023-04-08,208.29
411,2023-06-22,450.82
411,2023-08-26,435.65
411,2023-09-26,148.62
411,2023-11-28,155.43
411,2023-12-26,89.16
412,2023-07-26,450.09
412,2023-07-31,468.42
412,2023-10-14,398.03
413,2023-05-03,261.0
413,2023-05-12,458.8
413,2023-06-14,347.78
414,2023-07-11,303.86
414,2023-09-12,428.47
414,2023-12-19,112.11
415,2023-06-14,139.04
415,2023-09-06,381.12
415,2023-09-11,69.59
415,2023-09-24,81.38
415,2023-10-21,53.83
415,2023-10-30,146.53
415,2023-11-14,316.58
416,2023-05-29,246.58
416,2023-06-11,99.69
416,2023-12-15,181.34
416,2023-12-23,21.79
417,2023-09-20,248.78
417,2023-10-20,124.81
417,2023-10-31,443.18
417,2023-11-02,397.1
417,2023-11-14,492.81
417,2023-12-16,90.31
418,2023-02-17,271.33
418,2023-04-19,324.31
418,2023-08-31,260.66
418,2023-09-09,194.0
418,2023-10-30,334.98
418,2023-12-19,103.01
419,2023-06-17,384.4
419,2023-09-20,220.07
420,2023-03-10,315.77
420,2023-04-19,429.14
420,2023-05-30,351.73
420,2023-06-08,396.42
420,2023-09-03,100.58
420,2023-09-03,197.42
420,2023-09-28,336.68
420,2023-12-23,112.99
421,2023-05-01,77.19
421,2023-06-16,100.94
421,2023-07-15,338.77
421,2023-09-17,207.58
422,2023-07-12,24.44
422,2023-07-24,74.79
422,2023-07-24,405.27
422,2023-08-06,283.96
422,2023-08-20,359.72
422,2023-09-28,426.51
422,2023-12-29,357.91
423,2023-10-05,367.3
423,2023-10-11,482.92
423,2023-12-06,395.3
424,2023-05-21,255.1
424,2023-05-26,50.18
424,2023-08-16,120.17
424,2023-10-22,217.37
424,2023-11-15,418.04
424,2023-11-29,157.47
424,2023-12-07,316.73
424,2023-12-29,293.36
425,2023-03-05,73.82
425,2023-03-26,457.27
425,2023-06-06,52.08
425,2023-06-11,122.65
425,2023-06-22,457.01
425,2023-07-15,125.22
425,2023-08-21,188.51
425,2023-10-25,352.14
425,2023-11-03,431.99
425,2023-11-05,141.11
426,2023-05-03,412.97
426,2023-05-12,368.29
426,2023-09-22,126.51
426,2023-09-25,295.14
426,2023-11-07,257.12
426,2023-11-12,390.95
426,2023-11-27,245.6
426,2023-11-30,197.86
427,2023-06-30,149.23
427,2023-08-21,146.78
428,2023-09-10,54.72
428,2023-10-25,363.64
428,2023-11-01,266.03
428,2023-11-01,318.09
428,2023-11-11,50.64
428,2023-11-17,131.21
428,2023-12-14,231.51
429,2023-11-18,464.03
429,2023-12-27,464.94
430,2023-09-30,422.07
430,2023-10-07,34.51
430,2023-11-01,387.77
430,2023-12-13,203.45
431,2023-11-03,452.38
431,2023-11-23,379.58
431,2023-11-27,409.56
431,2023-12-05,117.96
431,2023-12-10,258.96
431,2023-12-14,483.37
431,2023-12-23,206.35
431,2023-12-23,96.8
431,2023-12-28,497.64
431,2023-12-29,441.9
432,2023-10-17,371.14
432,2023-11-06,478.95
432,2023-11-12,364.12
432,2023-11-17,355.08
432,2023-11-29,151.38
432,2023-11-29,333.62
432,2023-12-06,435.89
432,2023-12-07,374.35
432,2023-12-28,465.97
432,2023-12-29,283.3
433,2023-08-24,348.13
433,2023-10-25,53.18
433,2023-12-19,132.84
434,2023-07-12,454.45
434,2023-07-23,379.95
434,2023-07-26,253.51
434,2023-12-07,30.99
434,2023-12-10,44.34
435,2023-10-23,91.12
435,2023-10-24,492.59
435,2023-10-29,436.84
435,2023-11-05,155.23
435,2023-11-10,312.88
435,2023-11-14,379.95
435,2023-11-21,416.46
435,2023-11-25,421.11
435,2023-11-25,72.81
435,2023-12-19,444.26
436,2023-05-19,434.3
436,2023-05-25,129.59
436,2023-07-12,323.47
436,2023-07-20,276.82
436,2023-08-28,158.48
436,2023-12-23,448.8
437,2023-05-26,156.27
437,2023-12-24,97.85
438,2023-01-23,109.4
438,2023-03-01,112.15
438,2023-03-21,30.39
438,2023-06-25,321.85
438,2023-09-15,32.79
439,2023-03-16,83.52
439,2023-04-18,364.21
439,2023-06-30,34.65
439,2023-07-23,122.84
439,2023-11-20,186.87
439,2023-12-05,83.84
439,2023-12-06,223.22
440,2023-11-11,425.13
440,2023-11-12,358.08
440,2023-11-22,377.88
440,2023-12-01,239.38
440,2023-12-13,293.69
440,2023-12-25,49.42
440,2023-12-29,416.8
441,2023-11-05,120.67
442,2023-08-05,179.98
442,2023-08-15,413.83
442,2023-08-22,47.5
442,2023-09-09,379.52
442,2023-09-10,359.81
442,2023-10-07,248.62
442,2023-12-11,200.04
442,2023-12-24,375.45
442,2023-12-28,165.07
443,2023-08-08,308.43
443,2023-10-02,338.76
443,2023-11-02,238.5
444,2023-07-01,78.63
444,2023-07-20,51.37
444,2023-09-08,345.86
444,2023-09-17,326.22
444,2023-11-16,472.31
444,2023-11-22,67.52
444,2023-12-02,374.81
444,2023-12-30,382.34
445,2023-10-16,236.96
446,2023-09-04,260.7
446,2023-09-10,383.39
446,2023-10-05,28.58
446,2023-10-22,20.54
446,2023-11-20,76.89
446,2023-12-22,392.29
446,2023-12-28,62.7
447,2023-05-27,201.13
447,2023-09-22,227.74
447,2023-10-01,387.32
447,2023-10-27,130.02
447,2023-11-15,346.85
448,2023-10-03,244.69
448,2023-10-18,301.5
448,2023-12-26,163.83
448,2023-12-29,457.57
449,2023-07-03,72.13
449,2023-07-26,21.85
449,2023-08-03,261.24
449,2023-08-13,107.89
449,2023-09-18,408.14
449,2023-10-05,153.52
449,2023-11-08,60.05
449,2023-11-19,326.85
449,2023-12-04,214.39
450,2023-11-08,23.69
451,2023-05-03,179.19
451,2023-05-20,472.62
451,2023-05-26,346.07
451,2023-09-01,136.89
451,2023-09-04,104.91
451,2023-09-17,185.32
451,2023-12-05,114.48
452,2023-02-13,498.75
452,2023-02-17,72.88
452,2023-02-28,93.36
452,2023-04-27,165.64
452,2023-05-01,357.41
452,2023-11-08,111.08
453,2023-03-31,45.07
453,2023-05-22,386.79
453,2023-07-15,383.27
453,2023-07-22,462.95
453,2023-08-01,304.94
453,2023-08-13,287.7
453,2023-08-15,202.56
453,2023-09-24,70.15
453,2023-12-06,459.87
454,2023-09-19,494.95
454,2023-10-03,267.23
454,2023-11-20,179.83
454,2023-12-16,379.78
454,2023-12-30,386.43
455,2023-05-19,399.54
455,2023-07-15,96.77
455,2023-09-01,102.11
456,2023-06-04,51.75
456,2023-07-27,404.88
456,2023-09-20,158.41
456,2023-09-24,440.43
456,2023-10-09,328.88
456,2023-10-21,241.75
457,2023-12-11,222.42
457,2023-12-17,305.02
457,2023-12-24,45.22
458,2023-08-30,165.69
458,2023-09-06,351.79
458,2023-09-12,177.0
458,2023-09-13,70.9
458,2023-11-04,340.64
458,2023-12-07,474.67
459,2023-10-28,282.59
459,2023-12-08,485.24
459,2023-12-10,118.29
459,2023-12-13,295.88
460,2023-09-05,417.45
460,2023-09-29,415.32
460,2023-11-23,221.38
461,2023-04-05,228.19
461,2023-06-18,497.97
461,2023-06-22,195.11
461,2023-07-09,199.74
461,2023-07-20,276.94
461,2023-12-10,497.16
461,2023-12-12,87.55
461,2023-12-26,342.73
462,2023-08-15,130.22
462,2023-08-23,222.21
462,2023-08-29,217.1
462,2023-09-16,470.01
462,2023-10-04,433.17
462,2023-12-01,70.05
462,2023-12-06,424.62
462,2023-12-12,488.88
462,2023-12-27,121.61
462,2023-12-28,413.51
463,2023-07-06,22.82
463,2023-07-15,94.89
463,2023-10-25,302.33
464,2023-02-18,446.62
464,2023-03-09,96.02
464,2023-06-30,390.74
464,2023-11-19,27.72
464,2023-12-01,405.87
465,2023-05-09,483.23
465,2023-06-06,245.93
465,2023-06-16,308.25
465,2023-09-08,384.03
465,2023-09-12,27.88
465,2023-09-17,43.18
465,2023-10-26,494.97
465,2023-11-27,124.93
465,2023-12-09,268.52
465,2023-12-13,226.74
466,2023-02-18,139.03
466,2023-04-09,54.7
466,2023-04-15,221.9
466,2023-07-22,351.42
466,2023-07-31,424.27
466,2023-09-04,171.96
466,2023-11-18,436.64
467,2023-12-13,358.07
467,2023-12-18,284.63
467,2023-12-18,471.5
467,2023-12-19,228.03
467,2023-12-23,271.55
467,2023-12-26,280.8
467,2023-12-29,31.32
468,2023-08-31,380.78
468,2023-11-12,133.98
468,2023-11-19,175.11
469,2023-03-08,251.46
469,2023-03-29,202.77
469,2023-05-12,419.17
469,2023-06-25,118.65
469,2023-08-21,257.56
469,2023-12-29,452.76
470,2023-09-22,390.99
470,2023-09-24,172.78
470,2023-10-26,285.81
471,2023-10-09,96.93
471,2023-10-14,387.48
471,2023-10-31,295.43
471,2023-12-06,350.18
472,2023-12-09,118.64
472,2023-12-12,262.9
472,2023-12-14,56.74
472,2023-12-19,402.66
472,2023-12-20,112.58
472,2023-12-27,132.6
472,2023-12-29,261.46
473,2023-12-21,248.33
473,2023-12-22,399.74
473,2023-12-25,54.63
473,2023-12-27,24.35
473,2023-12-29,401.37
473,2023-12-29,290.35
473,2023-12-29,107.9
473,2023-12-30,309.92
474,2023-12-08,349.83
474,2023-12-16,280.64
475,2023-11-16,288.93
475,2023-11-26,250.26
475,2023-12-01,436.62
475,2023-12-08,213.97
475,2023-12-12,204.57
475,2023-12-18,342.42
475,2023-12-26,92.18
476,2023-07-23,373.37
476,2023-08-17,449.09
476,2023-10-31,98.68
477,2023-10-17,40.06
477,2023-10-28,485.54
477,2023-11-13,169.87
477,2023-12-07,199.27
477,2023-12-15,246.29
477,2023-12-20,347.26
477,2023-12-28,470.88
478,2023-08-28,421.75
478,2023-09-04,445.09
478,2023-09-09,415.93
478,2023-09-17,110.13
478,2023-10-02,350.37
478,2023-10-20,490.83
478,2023-11-27,126.15
478,2023-12-14,178.23
478,2023-12-16,80.06
479,2023-09-19,79.66
479,2023-10-16,74.89
479,2023-11-05,55.31
479,2023-11-09,375.42
479,2023-11-13,108.79
479,2023-11-22,48.48
479,2023-11-29,148.69
479,2023-12-02,145.55
479,2023-12-26,319.47
479,2023-12-27,181.75
480,2023-05-13,426.41
480,2023-05-23,188.99
480,2023-08-24,412.7
480,2023-11-13,410.22
480,2023-11-15,310.09
481,2023-06-02,353.29
482,2023-11-26,419.7
482,2023-12-01,195.24
482,2023-12-01,171.49
482,2023-12-05,390.3
482,2023-12-05,202.59
482,2023-12-08,169.26
482,2023-12-15,255.45
482,2023-12-19,356.94
482,2023-12-22,464.22
482,2023-12-27,365.96
483,2023-05-09,276.87
483,2023-07-22,283.85
483,2023-07-30,235.26
483,2023-08-26,412.46
483,2023-11-07,262.7
483,2023-12-07,97.97
484,2023-06-03,159.5
484,2023-08-09,114.01
485,2023-12-20,493.92
485,2023-12-21,94.37
485,2023-12-21,250.29
485,2023-12-23,330.12
485,2023-12-24,111.8
485,2023-12-28,422.92
485,2023-12-28,326.17
485,2023-12-28,422.63
485,2023-12-30,209.6
486,2023-06-09,67.06
486,2023-07-23,354.89
486,2023-08-10,176.11
486,2023-12-13,490.8
486,2023-12-17,370.12
487,2023-04-27,272.8
487,2023-05-08,342.21
487,2023-05-22,395.19
487,2023-06-01,345.64
487,2023-07-28,99.07
487,2023-08-06,350.8
487,2023-09-16,484.69
487,2023-09-26,226.94
487,2023-12-16,455.89
488,2023-11-01,418.95
488,2023-11-05,462.35
488,2023-12-02,200.11
488,2023-12-03,387.61
488,2023-12-06,236.62
488,2023-12-11,39.68
488,2023-12-17,221.65
488,2023-12-23,40.96
488,2023-12-28,461.2
489,2023-10-14,270.59
489,2023-10-20,468.49
489,2023-10-26,312.3
489,2023-11-05,471.05
489,2023-11-15,45.59
489,2023-11-20,331.87
489,2023-12-28,145.68
490,2023-08-16,87.5
490,2023-10-01,275.79
490,2023-10-08,397.0
490,2023-11-03,66.58
490,2023-12-02,426.49
490,2023-12-04,350.03
490,2023-12-10,154.35
491,2023-06-22,405.64
491,2023-06-29,436.97
492,2023-04-13,299.83
492,2023-09-29,179.62
492,2023-10-14,57.91
493,2023-07-05,359.34
493,2023-09-16,232.4
494,2023-06-12,461.66
494,2023-08-31,99.21
494,2023-10-14,145.18
494,2023-12-02,350.83
494,2023-12-08,198.17
494,2023-12-12,382.3
495,2023-06-24,189.46
495,2023-07-25,51.42
495,2023-09-20,112.78
495,2023-09-30,199.38
496,2023-06-10,276.87
497,2023-09-18,314.81
497,2023-09-26,66.2
498,2023-11-12,138.52
498,2023-11-13,210.62
498,2023-12-23,462.59
499,2023-09-05,484.32
499,2023-09-25,476.15
500,2023-07-08,440.59
500,2023-09-20,366.82
500,2023-11-10,62.18
500,2023-12-22,418.13
500,2023-12-29,238.32
500,2023-12-29,374.38
